0xAX,https://avatars2.githubusercontent.com/u/2699235?v=4
255kb,https://avatars3.githubusercontent.com/u/7489814?v=4
abhishekbanthia,https://avatars3.githubusercontent.com/u/8280282?v=4
activeadmin,https://avatars1.githubusercontent.com/u/814570?v=4
adam-p,https://avatars0.githubusercontent.com/u/425687?v=4
addyosmani,https://avatars2.githubusercontent.com/u/110953?v=4
adobe,https://avatars2.githubusercontent.com/u/476009?v=4
adobe-fonts,https://avatars1.githubusercontent.com/u/4028872?v=4
adobe-webplatform,https://avatars1.githubusercontent.com/u/2976699?v=4
afaqurk,https://avatars1.githubusercontent.com/u/751323?v=4
aFarkas,https://avatars2.githubusercontent.com/u/188254?v=4
aFarkas,https://avatars2.githubusercontent.com/u/188254?v=4
AFNetworking,https://avatars2.githubusercontent.com/u/1181541?v=4
AHAAAAAAA,https://avatars3.githubusercontent.com/u/1760334?v=4
airbnb,https://avatars3.githubusercontent.com/u/698437?v=4
airbnb,https://avatars3.githubusercontent.com/u/698437?v=4
airbnb,https://avatars3.githubusercontent.com/u/698437?v=4
airbnb,https://avatars3.githubusercontent.com/u/698437?v=4
airbnb,https://avatars3.githubusercontent.com/u/698437?v=4
airyland,https://avatars2.githubusercontent.com/u/559179?v=4
ajaxorg,https://avatars0.githubusercontent.com/u/168515?v=4
akka,https://avatars2.githubusercontent.com/u/1496237?v=4
akullpp,https://avatars3.githubusercontent.com/u/4538351?v=4
akveo,https://avatars3.githubusercontent.com/u/11921694?v=4
akveo,https://avatars3.githubusercontent.com/u/11921694?v=4
Alamofire,https://avatars3.githubusercontent.com/u/7774181?v=4
alcatraz,https://avatars2.githubusercontent.com/u/15525835?v=4
alebcay,https://avatars2.githubusercontent.com/u/3536482?v=4
alexa,https://avatars0.githubusercontent.com/u/17815977?v=4
alexjc,https://avatars1.githubusercontent.com/u/445208?v=4
alexjc,https://avatars1.githubusercontent.com/u/445208?v=4
alex,https://avatars2.githubusercontent.com/u/772?v=4
alibaba,https://avatars1.githubusercontent.com/u/1961952?v=4
alibaba,https://avatars1.githubusercontent.com/u/1961952?v=4
alibaba,https://avatars1.githubusercontent.com/u/1961952?v=4
alibaba,https://avatars1.githubusercontent.com/u/1961952?v=4
allenwong,https://avatars0.githubusercontent.com/u/698982?v=4
AllThingsSmitty,https://avatars1.githubusercontent.com/u/1682367?v=4
almasaeed2010,https://avatars2.githubusercontent.com/u/1512664?v=4
alsotang,https://avatars1.githubusercontent.com/u/1147375?v=4
altercation,https://avatars0.githubusercontent.com/u/113542?v=4
alvarotrigo,https://avatars3.githubusercontent.com/u/1706326?v=4
amazeui,https://avatars0.githubusercontent.com/u/8945728?v=4
amix,https://avatars1.githubusercontent.com/u/184462?v=4
amsul,https://avatars3.githubusercontent.com/u/685051?v=4
android10,https://avatars0.githubusercontent.com/u/1360604?v=4
androidannotations,https://avatars3.githubusercontent.com/u/1315313?v=4
angular,https://avatars3.githubusercontent.com/u/139426?v=4
angular,https://avatars3.githubusercontent.com/u/139426?v=4
angular,https://avatars3.githubusercontent.com/u/139426?v=4
angular,https://avatars3.githubusercontent.com/u/139426?v=4
AngularClass,https://avatars2.githubusercontent.com/u/11602678?v=4
angular,https://avatars3.githubusercontent.com/u/139426?v=4
angular,https://avatars3.githubusercontent.com/u/139426?v=4
angular,https://avatars3.githubusercontent.com/u/139426?v=4
angular-ui,https://avatars3.githubusercontent.com/u/1530011?v=4
angular-ui,https://avatars3.githubusercontent.com/u/1530011?v=4
ansible,https://avatars2.githubusercontent.com/u/1507452?v=4
ant-design,https://avatars3.githubusercontent.com/u/12101536?v=4
antirez,https://avatars0.githubusercontent.com/u/65632?v=4
aosabook,https://avatars0.githubusercontent.com/u/5631751?v=4
ApacheInfra,https://avatars3.githubusercontent.com/u/29649444?v=4
apache,https://avatars0.githubusercontent.com/u/47359?v=4
apenwarr,https://avatars3.githubusercontent.com/u/20592?v=4
apple,https://avatars0.githubusercontent.com/u/10639145?v=4
apple,https://avatars0.githubusercontent.com/u/10639145?v=4
arasatasaygin,https://avatars1.githubusercontent.com/u/2171796?v=4
arduino,https://avatars3.githubusercontent.com/u/379109?v=4
ariya,https://avatars1.githubusercontent.com/u/7288?v=4
astaxie,https://avatars3.githubusercontent.com/u/233907?v=4
astaxie,https://avatars3.githubusercontent.com/u/233907?v=4
atech,https://avatars3.githubusercontent.com/u/318112?v=4
atlassian,https://avatars3.githubusercontent.com/u/168166?v=4
atom,https://avatars2.githubusercontent.com/u/1089146?v=4
audreyr,https://avatars0.githubusercontent.com/u/74739?v=4
Aufree,https://avatars0.githubusercontent.com/u/5310542?v=4
aurelia,https://avatars1.githubusercontent.com/u/9808864?v=4
Automattic,https://avatars1.githubusercontent.com/u/887802?v=4
Automattic,https://avatars1.githubusercontent.com/u/887802?v=4
Automattic,https://avatars1.githubusercontent.com/u/887802?v=4
avajs,https://avatars3.githubusercontent.com/u/8527916?v=4
avelino,https://avatars2.githubusercontent.com/u/31996?v=4
aymericdamien,https://avatars1.githubusercontent.com/u/10386605?v=4
babel,https://avatars1.githubusercontent.com/u/9637642?v=4
babun,https://avatars0.githubusercontent.com/u/6625430?v=4
bailicangdu,https://avatars2.githubusercontent.com/u/20297227?v=4
balderdashy,https://avatars3.githubusercontent.com/u/1445252?v=4
bang590,https://avatars3.githubusercontent.com/u/329480?v=4
basecamp,https://avatars0.githubusercontent.com/u/13131?v=4
bayandin,https://avatars3.githubusercontent.com/u/864213?v=4
bazelbuild,https://avatars1.githubusercontent.com/u/11684617?v=4
bbatsov,https://avatars0.githubusercontent.com/u/103882?v=4
bbatsov,https://avatars0.githubusercontent.com/u/103882?v=4
bcit-ci,https://avatars2.githubusercontent.com/u/8863432?v=4
begriffs,https://avatars2.githubusercontent.com/u/911911?v=4
bendc,https://avatars0.githubusercontent.com/u/51664?v=4
benweet,https://avatars1.githubusercontent.com/u/1005257?v=4
bevacqua,https://avatars3.githubusercontent.com/u/934293?v=4
Bilibili,https://avatars2.githubusercontent.com/u/12002442?v=4
Bilibili,https://avatars2.githubusercontent.com/u/12002442?v=4
binux,https://avatars3.githubusercontent.com/u/646451?v=4
bitcoin,https://avatars2.githubusercontent.com/u/528860?v=4
Blankj,https://avatars3.githubusercontent.com/u/17978187?v=4
blueimp,https://avatars2.githubusercontent.com/u/244586?v=4
bmorelli25,https://avatars3.githubusercontent.com/u/5618806?v=4
bodymovin,https://avatars1.githubusercontent.com/u/11096607?v=4
bolshchikov,https://avatars2.githubusercontent.com/u/1206121?v=4
boltdb,https://avatars2.githubusercontent.com/u/6539737?v=4
boot2docker,https://avatars1.githubusercontent.com/u/6394678?v=4
bower,https://avatars2.githubusercontent.com/u/3709251?v=4
BradLarson,https://avatars0.githubusercontent.com/u/954279?v=4
braydie,https://avatars0.githubusercontent.com/u/1651008?v=4
braziljs,https://avatars0.githubusercontent.com/u/1768161?v=4
breakwa11,https://avatars0.githubusercontent.com/u/8436963?v=4
brillout,https://avatars2.githubusercontent.com/u/1005638?v=4
browserstate,https://avatars1.githubusercontent.com/u/3504318?v=4
BrowserSync,https://avatars1.githubusercontent.com/u/10654171?v=4
buger,https://avatars2.githubusercontent.com/u/14009?v=4
bumptech,https://avatars0.githubusercontent.com/u/423539?v=4
buunguyen,https://avatars2.githubusercontent.com/u/406631?v=4
BVLC,https://avatars2.githubusercontent.com/u/6182163?v=4
c3js,https://avatars2.githubusercontent.com/u/9966497?v=4
CachetHQ,https://avatars2.githubusercontent.com/u/9951502?v=4
caesar0301,https://avatars3.githubusercontent.com/u/499254?v=4
cakephp,https://avatars0.githubusercontent.com/u/23666?v=4
callemall,https://avatars1.githubusercontent.com/u/1262264?v=4
CamDavidsonPilon,https://avatars3.githubusercontent.com/u/884032?v=4
caolan,https://avatars0.githubusercontent.com/u/5274?v=4
capistrano,https://avatars2.githubusercontent.com/u/58257?v=4
carhartl,https://avatars1.githubusercontent.com/u/21918?v=4
carlhuda,https://avatars2.githubusercontent.com/u/76794?v=4
carrierwaveuploader,https://avatars2.githubusercontent.com/u/3982589?v=4
Carthage,https://avatars1.githubusercontent.com/u/9146792?v=4
caskroom,https://avatars0.githubusercontent.com/u/5647711?v=4
casperjs,https://avatars0.githubusercontent.com/u/3001554?v=4
ccampbell,https://avatars2.githubusercontent.com/u/259316?v=4
ccgus,https://avatars1.githubusercontent.com/u/60178?v=4
celery,https://avatars2.githubusercontent.com/u/319983?v=4
certbot,https://avatars2.githubusercontent.com/u/17889013?v=4
CEWendel,https://avatars1.githubusercontent.com/u/1093321?v=4
chartjs,https://avatars1.githubusercontent.com/u/10342521?v=4
cheeriojs,https://avatars3.githubusercontent.com/u/7230330?v=4
chenglou,https://avatars2.githubusercontent.com/u/1909539?v=4
chinchang,https://avatars1.githubusercontent.com/u/379918?v=4
chjj,https://avatars2.githubusercontent.com/u/470564?v=4
chmln,https://avatars1.githubusercontent.com/u/11352152?v=4
chrisaljoudi,https://avatars3.githubusercontent.com/u/2351359?v=4
chrisbanes,https://avatars3.githubusercontent.com/u/227486?v=4
chrisbanes,https://avatars3.githubusercontent.com/u/227486?v=4
chrisbanes,https://avatars3.githubusercontent.com/u/227486?v=4
chrisjenx,https://avatars0.githubusercontent.com/u/1167793?v=4
chriskempson,https://avatars2.githubusercontent.com/u/473831?v=4
chrislgarry,https://avatars1.githubusercontent.com/u/2200898?v=4
chriso,https://avatars3.githubusercontent.com/u/364903?v=4
chrissimpkins,https://avatars0.githubusercontent.com/u/4249591?v=4
cjbarber,https://avatars0.githubusercontent.com/u/3237905?v=4
cjwirth,https://avatars1.githubusercontent.com/u/1579644?v=4
clojure,https://avatars1.githubusercontent.com/u/317875?v=4
cmderdev,https://avatars2.githubusercontent.com/u/11646750?v=4
cmusatyalab,https://avatars2.githubusercontent.com/u/3372991?v=4
cockroachdb,https://avatars3.githubusercontent.com/u/6748139?v=4
CocoaLumberjack,https://avatars0.githubusercontent.com/u/6108054?v=4
CocoaPods,https://avatars1.githubusercontent.com/u/1189714?v=4
cocos2d,https://avatars3.githubusercontent.com/u/234324?v=4
codemirror,https://avatars1.githubusercontent.com/u/8876537?v=4
codepath,https://avatars1.githubusercontent.com/u/3710273?v=4
CoderMJLee,https://avatars0.githubusercontent.com/u/3817366?v=4
CoderMJLee,https://avatars0.githubusercontent.com/u/3817366?v=4
CodeSeven,https://avatars2.githubusercontent.com/u/1694332?v=4
Compass,https://avatars1.githubusercontent.com/u/455573?v=4
composer,https://avatars2.githubusercontent.com/u/837015?v=4
ConnorAtherton,https://avatars1.githubusercontent.com/u/3777511?v=4
connors,https://avatars2.githubusercontent.com/u/874145?v=4
containous,https://avatars3.githubusercontent.com/u/16349663?v=4
coreos,https://avatars3.githubusercontent.com/u/3730757?v=4
coryhouse,https://avatars2.githubusercontent.com/u/1688997?v=4
CosmicMind,https://avatars1.githubusercontent.com/u/10069574?v=4
creationix,https://avatars3.githubusercontent.com/u/89353?v=4
crystal-lang,https://avatars0.githubusercontent.com/u/6539796?v=4
CRYTEK,https://avatars1.githubusercontent.com/u/17707180?v=4
css-modules,https://avatars2.githubusercontent.com/u/12612655?v=4
cubiq,https://avatars1.githubusercontent.com/u/427614?v=4
cyclejs,https://avatars2.githubusercontent.com/u/12686838?v=4
CymChad,https://avatars1.githubusercontent.com/u/7698209?v=4
d3,https://avatars1.githubusercontent.com/u/1562726?v=4
daimajia,https://avatars1.githubusercontent.com/u/2503423?v=4
daimajia,https://avatars1.githubusercontent.com/u/2503423?v=4
daneden,https://avatars3.githubusercontent.com/u/439365?v=4
dangrossman,https://avatars2.githubusercontent.com/u/407706?v=4
danialfarid,https://avatars1.githubusercontent.com/u/1676054?v=4
danielgindi,https://avatars1.githubusercontent.com/u/366926?v=4
datasciencemasters,https://avatars3.githubusercontent.com/u/5228194?v=4
davezuko,https://avatars3.githubusercontent.com/u/6439050?v=4
daylerees,https://avatars0.githubusercontent.com/u/207870?v=4
deeplearning4j,https://avatars2.githubusercontent.com/u/10988606?v=4
DefinitelyTyped,https://avatars1.githubusercontent.com/u/3637556?v=4
defunkt,https://avatars0.githubusercontent.com/u/2?v=4
desandro,https://avatars0.githubusercontent.com/u/85566?v=4
desandro,https://avatars0.githubusercontent.com/u/85566?v=4
designmodo,https://avatars3.githubusercontent.com/u/3756424?v=4
Developer-Y,https://avatars1.githubusercontent.com/u/22699926?v=4
developit,https://avatars2.githubusercontent.com/u/105127?v=4
dexteryy,https://avatars0.githubusercontent.com/u/43011?v=4
dhg,https://avatars2.githubusercontent.com/u/693790?v=4
diaspora,https://avatars3.githubusercontent.com/u/293207?v=4
dimsemenov,https://avatars2.githubusercontent.com/u/1061115?v=4
dimsemenov,https://avatars2.githubusercontent.com/u/1061115?v=4
discourse,https://avatars2.githubusercontent.com/u/3220138?v=4
django,https://avatars2.githubusercontent.com/u/27804?v=4
dkhamsing,https://avatars0.githubusercontent.com/u/4723115?v=4
DmitryBaranovskiy,https://avatars0.githubusercontent.com/u/22726?v=4
dmlc,https://avatars2.githubusercontent.com/u/11508361?v=4
docker,https://avatars1.githubusercontent.com/u/5429470?v=4
docker,https://avatars1.githubusercontent.com/u/5429470?v=4
Dogfalo,https://avatars3.githubusercontent.com/u/2775751?v=4
dokku,https://avatars1.githubusercontent.com/u/13455795?v=4
domnikl,https://avatars2.githubusercontent.com/u/603116?v=4
donnemartin,https://avatars2.githubusercontent.com/u/5458997?v=4
donnemartin,https://avatars2.githubusercontent.com/u/5458997?v=4
donnemartin,https://avatars2.githubusercontent.com/u/5458997?v=4
dotnet,https://avatars0.githubusercontent.com/u/9141961?v=4
dotnet,https://avatars0.githubusercontent.com/u/9141961?v=4
dotnet,https://avatars0.githubusercontent.com/u/9141961?v=4
douglascrockford,https://avatars1.githubusercontent.com/u/262641?v=4
drduh,https://avatars0.githubusercontent.com/u/12475110?v=4
DrKLO,https://avatars2.githubusercontent.com/u/69369?v=4
DrkSephy,https://avatars0.githubusercontent.com/u/1226900?v=4
drone,https://avatars1.githubusercontent.com/u/2181346?v=4
dropbox,https://avatars1.githubusercontent.com/u/559357?v=4
dthree,https://avatars3.githubusercontent.com/u/10319897?v=4
dypsilon,https://avatars3.githubusercontent.com/u/425735?v=4
dzenbot,https://avatars2.githubusercontent.com/u/590579?v=4
EbookFoundation,https://avatars0.githubusercontent.com/u/14127308?v=4
ecomfe,https://avatars2.githubusercontent.com/u/2268460?v=4
eczarny,https://avatars0.githubusercontent.com/u/28012?v=4
ejci,https://avatars0.githubusercontent.com/u/1025656?v=4
elastic,https://avatars0.githubusercontent.com/u/6764390?v=4
elastic,https://avatars0.githubusercontent.com/u/6764390?v=4
elastic,https://avatars0.githubusercontent.com/u/6764390?v=4
electron,https://avatars1.githubusercontent.com/u/13409222?v=4
ElemeFE,https://avatars1.githubusercontent.com/u/12810740?v=4
ElemeFE,https://avatars1.githubusercontent.com/u/12810740?v=4
eliangcs,https://avatars0.githubusercontent.com/u/740461?v=4
elixir-lang,https://avatars1.githubusercontent.com/u/1481354?v=4
emberjs,https://avatars2.githubusercontent.com/u/1253363?v=4
enaqx,https://avatars1.githubusercontent.com/u/182219?v=4
encode,https://avatars1.githubusercontent.com/u/19159390?v=4
EnterpriseQualityCoding,https://avatars0.githubusercontent.com/u/5183851?v=4
enyo,https://avatars2.githubusercontent.com/u/133277?v=4
equinusocio,https://avatars0.githubusercontent.com/u/10454741?v=4
erikras,https://avatars2.githubusercontent.com/u/4396759?v=4
erikras,https://avatars2.githubusercontent.com/u/4396759?v=4
eslint,https://avatars3.githubusercontent.com/u/6019716?v=4
etsy,https://avatars0.githubusercontent.com/u/193389?v=4
exacity,https://avatars3.githubusercontent.com/u/24405523?v=4
expressjs,https://avatars2.githubusercontent.com/u/5658226?v=4
fabric,https://avatars3.githubusercontent.com/u/400481?v=4
facebookarchive,https://avatars0.githubusercontent.com/u/7560860?v=4
facebookarchive,https://avatars0.githubusercontent.com/u/7560860?v=4
facebook,https://avatars3.githubusercontent.com/u/69631?v=4
facebook,https://avatars3.githubusercontent.com/u/69631?v=4
facebook,https://avatars3.githubusercontent.com/u/69631?v=4
facebook,https://avatars3.githubusercontent.com/u/69631?v=4
facebook,https://avatars3.githubusercontent.com/u/69631?v=4
facebook,https://avatars3.githubusercontent.com/u/69631?v=4
facebookincubator,https://avatars2.githubusercontent.com/u/19538647?v=4
facebook,https://avatars3.githubusercontent.com/u/69631?v=4
facebook,https://avatars3.githubusercontent.com/u/69631?v=4
facebook,https://avatars3.githubusercontent.com/u/69631?v=4
facebook,https://avatars3.githubusercontent.com/u/69631?v=4
facebook,https://avatars3.githubusercontent.com/u/69631?v=4
facebook,https://avatars3.githubusercontent.com/u/69631?v=4
facebook,https://avatars3.githubusercontent.com/u/69631?v=4
facebook,https://avatars3.githubusercontent.com/u/69631?v=4
facebook,https://avatars3.githubusercontent.com/u/69631?v=4
facebookresearch,https://avatars0.githubusercontent.com/u/16943930?v=4
facebook,https://avatars3.githubusercontent.com/u/69631?v=4
facebook,https://avatars3.githubusercontent.com/u/69631?v=4
facebook,https://avatars3.githubusercontent.com/u/69631?v=4
facebook,https://avatars3.githubusercontent.com/u/69631?v=4
facebook,https://avatars3.githubusercontent.com/u/69631?v=4
faif,https://avatars1.githubusercontent.com/u/1304661?v=4
FallibleInc,https://avatars2.githubusercontent.com/u/14805662?v=4
Famous,https://avatars0.githubusercontent.com/u/838470?v=4
fastlane,https://avatars2.githubusercontent.com/u/11098337?v=4
fatih,https://avatars1.githubusercontent.com/u/438920?v=4
fbsamples,https://avatars3.githubusercontent.com/u/1541324?v=4
fchollet,https://avatars3.githubusercontent.com/u/710255?v=4
feathersjs,https://avatars2.githubusercontent.com/u/5321853?v=4
FelisCatus,https://avatars2.githubusercontent.com/u/912649?v=4
FezVrasta,https://avatars2.githubusercontent.com/u/5382443?v=4
fffaraz,https://avatars3.githubusercontent.com/u/895678?v=4
FFmpeg,https://avatars0.githubusercontent.com/u/729418?v=4
fgnass,https://avatars1.githubusercontent.com/u/89450?v=4
FineUploader,https://avatars3.githubusercontent.com/u/8892709?v=4
firehol,https://avatars2.githubusercontent.com/u/9442231?v=4
fish-shell,https://avatars0.githubusercontent.com/u/1828073?v=4
flightjs,https://avatars0.githubusercontent.com/u/4271779?v=4
Flipboard,https://avatars0.githubusercontent.com/u/457049?v=4
foreverjs,https://avatars2.githubusercontent.com/u/10152066?v=4
forkingdog,https://avatars2.githubusercontent.com/u/11923583?v=4
FormidableLabs,https://avatars3.githubusercontent.com/u/5078602?v=4
FortAwesome,https://avatars0.githubusercontent.com/u/1505683?v=4
fouber,https://avatars0.githubusercontent.com/u/536297?v=4
FredrikNoren,https://avatars2.githubusercontent.com/u/1288009?v=4
FreeCodeCampChina,https://avatars0.githubusercontent.com/u/18478284?v=4
freeCodeCamp,https://avatars0.githubusercontent.com/u/9892522?v=4
fronteed,https://avatars0.githubusercontent.com/u/1612675?v=4
ftlabs,https://avatars3.githubusercontent.com/u/1432696?v=4
fullcalendar,https://avatars1.githubusercontent.com/u/13825204?v=4
fullstackio,https://avatars2.githubusercontent.com/u/4064333?v=4
futurice,https://avatars2.githubusercontent.com/u/852157?v=4
fxsjy,https://avatars3.githubusercontent.com/u/167837?v=4
fzaninotto,https://avatars3.githubusercontent.com/u/99944?v=4
gabrielecirulli,https://avatars1.githubusercontent.com/u/886011?v=4
gaearon,https://avatars0.githubusercontent.com/u/810438?v=4
gaearon,https://avatars0.githubusercontent.com/u/810438?v=4
gatsbyjs,https://avatars1.githubusercontent.com/u/12551863?v=4
geeeeeeeeek,https://avatars1.githubusercontent.com/u/7262715?v=4
geekcompany,https://avatars1.githubusercontent.com/u/7380510?v=4
getgrav,https://avatars1.githubusercontent.com/u/8237355?v=4
getify,https://avatars1.githubusercontent.com/u/150330?v=4
getlantern,https://avatars1.githubusercontent.com/u/624178?v=4
getpelican,https://avatars2.githubusercontent.com/u/2043492?v=4
getredash,https://avatars2.githubusercontent.com/u/10746780?v=4
getsentry,https://avatars0.githubusercontent.com/u/1396951?v=4
ggreer,https://avatars1.githubusercontent.com/u/200121?v=4
giakki,https://avatars2.githubusercontent.com/u/1017761?v=4
gin-gonic,https://avatars3.githubusercontent.com/u/7894478?v=4
gionkunz,https://avatars2.githubusercontent.com/u/2203704?v=4
GitbookIO,https://avatars0.githubusercontent.com/u/7111340?v=4
git,https://avatars2.githubusercontent.com/u/18133?v=4
github,https://avatars1.githubusercontent.com/u/9919?v=4
github,https://avatars1.githubusercontent.com/u/9919?v=4
github,https://avatars1.githubusercontent.com/u/9919?v=4
gitlabhq,https://avatars2.githubusercontent.com/u/1086321?v=4
git-tips,https://avatars1.githubusercontent.com/u/13345927?v=4
git-up,https://avatars1.githubusercontent.com/u/10783260?v=4
godotengine,https://avatars2.githubusercontent.com/u/6318500?v=4
gogits,https://avatars0.githubusercontent.com/u/6656686?v=4
gohugoio,https://avatars2.githubusercontent.com/u/29385237?v=4
go-kit,https://avatars0.githubusercontent.com/u/10981023?v=4
golang,https://avatars3.githubusercontent.com/u/4314092?v=4
goldfire,https://avatars2.githubusercontent.com/u/882005?v=4
gollum,https://avatars1.githubusercontent.com/u/3840027?v=4
go-martini,https://avatars0.githubusercontent.com/u/7096097?v=4
google,https://avatars1.githubusercontent.com/u/1342004?v=4
GoogleChrome,https://avatars3.githubusercontent.com/u/1778935?v=4
googlesamples,https://avatars3.githubusercontent.com/u/7378196?v=4
gorhill,https://avatars2.githubusercontent.com/u/585534?v=4
gothinkster,https://avatars3.githubusercontent.com/u/8601733?v=4
grafana,https://avatars0.githubusercontent.com/u/7195757?v=4
graphql,https://avatars0.githubusercontent.com/u/12972006?v=4
greenrobot,https://avatars0.githubusercontent.com/u/242242?v=4
Grouper,https://avatars1.githubusercontent.com/u/1449402?v=4
gruntjs,https://avatars1.githubusercontent.com/u/1630826?v=4
guarinogabriel,https://avatars2.githubusercontent.com/u/1928452?v=4
guillaumepotier,https://avatars2.githubusercontent.com/u/496234?v=4
gulpjs,https://avatars0.githubusercontent.com/u/6200624?v=4
guzzle,https://avatars0.githubusercontent.com/u/638632?v=4
gztchan,https://avatars0.githubusercontent.com/u/6322366?v=4
h2o,https://avatars3.githubusercontent.com/u/9275116?v=4
h4cc,https://avatars1.githubusercontent.com/u/2981491?v=4
h5bp,https://avatars0.githubusercontent.com/u/1136800?v=4
hackiftekhar,https://avatars2.githubusercontent.com/u/3831495?v=4
hacksalot,https://avatars3.githubusercontent.com/u/8078272?v=4
Hack-with-Github,https://avatars3.githubusercontent.com/u/18143746?v=4
hakimel,https://avatars0.githubusercontent.com/u/629429?v=4
hammerjs,https://avatars1.githubusercontent.com/u/7997161?v=4
handsontable,https://avatars3.githubusercontent.com/u/8068250?v=4
hangtwenty,https://avatars0.githubusercontent.com/u/2420688?v=4
HannahMitt,https://avatars3.githubusercontent.com/u/2073873?v=4
hapijs,https://avatars1.githubusercontent.com/u/3774533?v=4
harthur,https://avatars1.githubusercontent.com/u/140420?v=4
harvesthq,https://avatars1.githubusercontent.com/u/43635?v=4
hashicorp,https://avatars2.githubusercontent.com/u/761456?v=4
hdodenhof,https://avatars1.githubusercontent.com/u/1824223?v=4
hehonghui,https://avatars1.githubusercontent.com/u/1683811?v=4
HelloZeroNet,https://avatars0.githubusercontent.com/u/10350359?v=4
hemanth,https://avatars0.githubusercontent.com/u/18315?v=4
herrbischoff,https://avatars1.githubusercontent.com/u/8957346?v=4
hexojs,https://avatars0.githubusercontent.com/u/6375567?v=4
home-assistant,https://avatars3.githubusercontent.com/u/13844975?v=4
Homebrew,https://avatars2.githubusercontent.com/u/1503512?v=4
howdyai,https://avatars2.githubusercontent.com/u/16260958?v=4
hpneo,https://avatars2.githubusercontent.com/u/611699?v=4
hubotio,https://avatars3.githubusercontent.com/u/10102049?v=4
HubSpot,https://avatars2.githubusercontent.com/u/326419?v=4
huginn,https://avatars3.githubusercontent.com/u/23225142?v=4
hzlzh,https://avatars3.githubusercontent.com/u/1049575?v=4
IanLunn,https://avatars1.githubusercontent.com/u/694641?v=4
Idnan,https://avatars0.githubusercontent.com/u/6161794?v=4
iissnan,https://avatars3.githubusercontent.com/u/32269?v=4
iluwatar,https://avatars1.githubusercontent.com/u/582346?v=4
imakewebthings,https://avatars3.githubusercontent.com/u/406639?v=4
imathis,https://avatars0.githubusercontent.com/u/12732?v=4
impress,https://avatars1.githubusercontent.com/u/5477410?v=4
inconshreveable,https://avatars3.githubusercontent.com/u/836692?v=4
infernojs,https://avatars2.githubusercontent.com/u/14214240?v=4
influxdata,https://avatars2.githubusercontent.com/u/5713248?v=4
interagent,https://avatars2.githubusercontent.com/u/7388387?v=4
ionic-team,https://avatars0.githubusercontent.com/u/3171503?v=4
ipader,https://avatars3.githubusercontent.com/u/373016?v=4
ipfs,https://avatars0.githubusercontent.com/u/10536621?v=4
ipython,https://avatars3.githubusercontent.com/u/230453?v=4
irungentoo,https://avatars1.githubusercontent.com/u/2226611?v=4
isocpp,https://avatars3.githubusercontent.com/u/13841574?v=4
iview,https://avatars3.githubusercontent.com/u/20693613?v=4
JacksonTian,https://avatars3.githubusercontent.com/u/327019?v=4
jacomyal,https://avatars2.githubusercontent.com/u/144846?v=4
JakeWharton,https://avatars0.githubusercontent.com/u/66577?v=4
jakubroztocil,https://avatars3.githubusercontent.com/u/326885?v=4
janl,https://avatars1.githubusercontent.com/u/11321?v=4
janpaepke,https://avatars0.githubusercontent.com/u/3076177?v=4
jaredhanson,https://avatars3.githubusercontent.com/u/10355?v=4
jashkenas,https://avatars3.githubusercontent.com/u/4732?v=4
jasmine,https://avatars0.githubusercontent.com/u/4624349?v=4
javan,https://avatars3.githubusercontent.com/u/5355?v=4
javve,https://avatars0.githubusercontent.com/u/123192?v=4
jaywcjlove,https://avatars1.githubusercontent.com/u/1680273?v=4
jcjohnson,https://avatars2.githubusercontent.com/u/2718714?v=4
jdg,https://avatars3.githubusercontent.com/u/6725?v=4
JedWatson,https://avatars3.githubusercontent.com/u/872310?v=4
jekyll,https://avatars0.githubusercontent.com/u/3083652?v=4
jessepollak,https://avatars1.githubusercontent.com/u/1097953?v=4
jessesquires,https://avatars2.githubusercontent.com/u/2301114?v=4
JetBrains,https://avatars2.githubusercontent.com/u/878437?v=4
jfeinstein10,https://avatars1.githubusercontent.com/u/1269143?v=4
jgm,https://avatars0.githubusercontent.com/u/3044?v=4
jgthms,https://avatars1.githubusercontent.com/u/1254808?v=4
jhipster,https://avatars3.githubusercontent.com/u/6059488?v=4
jiahaog,https://avatars3.githubusercontent.com/u/7111741?v=4
jigish,https://avatars1.githubusercontent.com/u/762439?v=4
jlevy,https://avatars1.githubusercontent.com/u/2058167?v=4
jlmakes,https://avatars1.githubusercontent.com/u/2044842?v=4
jlund,https://avatars1.githubusercontent.com/u/144984?v=4
jmcunningham,https://avatars3.githubusercontent.com/u/4570610?v=4
joewalnes,https://avatars3.githubusercontent.com/u/48950?v=4
JohnCoates,https://avatars1.githubusercontent.com/u/967800?v=4
johnpapa,https://avatars2.githubusercontent.com/u/1202528?v=4
jondot,https://avatars0.githubusercontent.com/u/83390?v=4
jordansissel,https://avatars1.githubusercontent.com/u/131818?v=4
josephmisiti,https://avatars0.githubusercontent.com/u/246302?v=4
joshbuchea,https://avatars2.githubusercontent.com/u/1474361?v=4
jp9000,https://avatars1.githubusercontent.com/u/2084112?v=4
jquery,https://avatars1.githubusercontent.com/u/70142?v=4
jquery-validation,https://avatars3.githubusercontent.com/u/25417692?v=4
jshint,https://avatars1.githubusercontent.com/u/1335450?v=4
jtoy,https://avatars0.githubusercontent.com/u/14783?v=4
JuliaLang,https://avatars0.githubusercontent.com/u/743164?v=4
juliangarnier,https://avatars3.githubusercontent.com/u/1268691?v=4
julianshapiro,https://avatars0.githubusercontent.com/u/655026?v=4
julycoding,https://avatars1.githubusercontent.com/u/6184536?v=4
junegunn,https://avatars2.githubusercontent.com/u/700826?v=4
justjavac,https://avatars1.githubusercontent.com/u/359395?v=4
jwagner,https://avatars3.githubusercontent.com/u/293536?v=4
jwasham,https://avatars2.githubusercontent.com/u/3771963?v=4
kahun,https://avatars0.githubusercontent.com/u/122979?v=4
kamens,https://avatars1.githubusercontent.com/u/108202?v=4
kaminari,https://avatars2.githubusercontent.com/u/5637951?v=4
kamranahmedse,https://avatars2.githubusercontent.com/u/4921183?v=4
kangax,https://avatars0.githubusercontent.com/u/383?v=4
karan,https://avatars1.githubusercontent.com/u/3261985?v=4
karma-runner,https://avatars0.githubusercontent.com/u/3284117?v=4
karpathy,https://avatars3.githubusercontent.com/u/241138?v=4
kataras,https://avatars1.githubusercontent.com/u/22900943?v=4
kdn251,https://avatars1.githubusercontent.com/u/16903644?v=4
keen,https://avatars3.githubusercontent.com/u/8461781?v=4
kennethreitz,https://avatars2.githubusercontent.com/u/119893?v=4
kenwheeler,https://avatars2.githubusercontent.com/u/286616?v=4
keon,https://avatars0.githubusercontent.com/u/10793962?v=4
kesenhoo,https://avatars2.githubusercontent.com/u/1456490?v=4
kevinzhow,https://avatars1.githubusercontent.com/u/1156192?v=4
Kickball,https://avatars1.githubusercontent.com/u/2252004?v=4
kilimchoi,https://avatars0.githubusercontent.com/u/1356007?v=4
kkga,https://avatars0.githubusercontent.com/u/1460122?v=4
knockout,https://avatars2.githubusercontent.com/u/3863375?v=4
knsv,https://avatars0.githubusercontent.com/u/5837277?v=4
koajs,https://avatars1.githubusercontent.com/u/5055057?v=4
koalaman,https://avatars0.githubusercontent.com/u/2818758?v=4
Kotlin,https://avatars3.githubusercontent.com/u/1446536?v=4
kriasoft,https://avatars2.githubusercontent.com/u/773036?v=4
kripken,https://avatars0.githubusercontent.com/u/173661?v=4
kriskowal,https://avatars1.githubusercontent.com/u/60294?v=4
ksoichiro,https://avatars3.githubusercontent.com/u/801987?v=4
kubernetes,https://avatars2.githubusercontent.com/u/13629408?v=4
labstack,https://avatars1.githubusercontent.com/u/2624634?v=4
laravel,https://avatars3.githubusercontent.com/u/958072?v=4
Leaflet,https://avatars3.githubusercontent.com/u/2854298?v=4
leereilly,https://avatars3.githubusercontent.com/u/121322?v=4
legomushroom,https://avatars2.githubusercontent.com/u/1478800?v=4
less,https://avatars1.githubusercontent.com/u/3538330?v=4
lgvalle,https://avatars0.githubusercontent.com/u/354372?v=4
lhc70000,https://avatars3.githubusercontent.com/u/8478049?v=4
liaohuqiu,https://avatars3.githubusercontent.com/u/4088573?v=4
libgdx,https://avatars1.githubusercontent.com/u/509841?v=4
libuv,https://avatars1.githubusercontent.com/u/4030929?v=4
LightTable,https://avatars0.githubusercontent.com/u/5877010?v=4
limetext,https://avatars0.githubusercontent.com/u/5825890?v=4
lkzhao,https://avatars1.githubusercontent.com/u/3359850?v=4
localForage,https://avatars0.githubusercontent.com/u/18673496?v=4
lodash,https://avatars3.githubusercontent.com/u/2565403?v=4
loopj,https://avatars2.githubusercontent.com/u/104009?v=4
lord,https://avatars0.githubusercontent.com/u/1976330?v=4
louischatriot,https://avatars2.githubusercontent.com/u/926355?v=4
loverajoel,https://avatars2.githubusercontent.com/u/1700100?v=4
luanfujun,https://avatars1.githubusercontent.com/u/3760952?v=4
lukasz-madon,https://avatars2.githubusercontent.com/u/1547923?v=4
lukehoban,https://avatars1.githubusercontent.com/u/223467?v=4
madrobby,https://avatars3.githubusercontent.com/u/3390?v=4
magicalpanda,https://avatars1.githubusercontent.com/u/130841?v=4
mailcheck,https://avatars0.githubusercontent.com/u/7298259?v=4
mailpile,https://avatars3.githubusercontent.com/u/5374816?v=4
Mango,https://avatars1.githubusercontent.com/u/5920385?v=4
Mantle,https://avatars3.githubusercontent.com/u/7318467?v=4
Marak,https://avatars2.githubusercontent.com/u/70011?v=4
marcuswestin,https://avatars0.githubusercontent.com/u/131967?v=4
marionettejs,https://avatars1.githubusercontent.com/u/2273169?v=4
markerikson,https://avatars1.githubusercontent.com/u/1128784?v=4
markets,https://avatars3.githubusercontent.com/u/576701?v=4
marmelab,https://avatars1.githubusercontent.com/u/3116319?v=4
Mashape,https://avatars2.githubusercontent.com/u/31304687?v=4
mathiasbynens,https://avatars1.githubusercontent.com/u/81942?v=4
matryer,https://avatars3.githubusercontent.com/u/101659?v=4
matteocrippa,https://avatars2.githubusercontent.com/u/475463?v=4
mattermost,https://avatars1.githubusercontent.com/u/9828093?v=4
Matt-Esch,https://avatars1.githubusercontent.com/u/1058839?v=4
matthieua,https://avatars2.githubusercontent.com/u/234575?v=4
MaximAbramchuck,https://avatars2.githubusercontent.com/u/5942002?v=4
maxogden,https://avatars0.githubusercontent.com/u/39759?v=4
maxwellito,https://avatars2.githubusercontent.com/u/1097232?v=4
mdo,https://avatars3.githubusercontent.com/u/98681?v=4
MengTo,https://avatars1.githubusercontent.com/u/1065452?v=4
metafizzy,https://avatars3.githubusercontent.com/u/573910?v=4
meteor,https://avatars0.githubusercontent.com/u/789528?v=4
mgonto,https://avatars2.githubusercontent.com/u/723723?v=4
mhinz,https://avatars0.githubusercontent.com/u/972014?v=4
mholt,https://avatars2.githubusercontent.com/u/1128849?v=4
Microsoft,https://avatars2.githubusercontent.com/u/6154722?v=4
mikepenz,https://avatars0.githubusercontent.com/u/1476232?v=4
minimaxir,https://avatars1.githubusercontent.com/u/2179708?v=4
minio,https://avatars3.githubusercontent.com/u/695951?v=4
mishoo,https://avatars2.githubusercontent.com/u/334725?v=4
mitchellh,https://avatars3.githubusercontent.com/u/1299?v=4
MithrilJS,https://avatars3.githubusercontent.com/u/19475707?v=4
mitmproxy,https://avatars3.githubusercontent.com/u/4652787?v=4
mobile-shell,https://avatars3.githubusercontent.com/u/13547101?v=4
mobxjs,https://avatars3.githubusercontent.com/u/17475736?v=4
moby,https://avatars1.githubusercontent.com/u/27259197?v=4
mochajs,https://avatars2.githubusercontent.com/u/8770005?v=4
Modernizr,https://avatars3.githubusercontent.com/u/131060?v=4
moklick,https://avatars1.githubusercontent.com/u/2857535?v=4
moment,https://avatars1.githubusercontent.com/u/4129662?v=4
mongodb,https://avatars1.githubusercontent.com/u/45120?v=4
morrisjs,https://avatars3.githubusercontent.com/u/6538127?v=4
MostlyAdequate,https://avatars2.githubusercontent.com/u/14079115?v=4
mozilla,https://avatars2.githubusercontent.com/u/131524?v=4
mozilla-mobile,https://avatars3.githubusercontent.com/u/22351667?v=4
mperham,https://avatars2.githubusercontent.com/u/2911?v=4
mrdoob,https://avatars0.githubusercontent.com/u/97088?v=4
mrmrs,https://avatars1.githubusercontent.com/u/1748143?v=4
MrRio,https://avatars3.githubusercontent.com/u/47539?v=4
mwaterfall,https://avatars0.githubusercontent.com/u/132291?v=4
mxcl,https://avatars2.githubusercontent.com/u/58962?v=4
mxgmn,https://avatars0.githubusercontent.com/u/14931730?v=4
mysqljs,https://avatars0.githubusercontent.com/u/18713232?v=4
mzabriskie,https://avatars3.githubusercontent.com/u/199035?v=4
nagadomi,https://avatars1.githubusercontent.com/u/287255?v=4
naptha,https://avatars3.githubusercontent.com/u/7720173?v=4
NARKOZ,https://avatars2.githubusercontent.com/u/253398?v=4
nathanmarz,https://avatars0.githubusercontent.com/u/131416?v=4
NativeScript,https://avatars1.githubusercontent.com/u/7392261?v=4
NaturalNode,https://avatars0.githubusercontent.com/u/1005344?v=4
navasmdc,https://avatars0.githubusercontent.com/u/4363807?v=4
necolas,https://avatars2.githubusercontent.com/u/239676?v=4
neovim,https://avatars3.githubusercontent.com/u/6471485?v=4
NetEase,https://avatars0.githubusercontent.com/u/1460597?v=4
Netflix,https://avatars3.githubusercontent.com/u/913567?v=4
netty,https://avatars1.githubusercontent.com/u/473791?v=4
nickbutcher,https://avatars2.githubusercontent.com/u/352556?v=4
nicklockwood,https://avatars2.githubusercontent.com/u/546885?v=4
nicolargo,https://avatars0.githubusercontent.com/u/776747?v=4
nightwatchjs,https://avatars3.githubusercontent.com/u/12559275?v=4
nikitavoloboev,https://avatars0.githubusercontent.com/u/6391776?v=4
niklasvh,https://avatars1.githubusercontent.com/u/551347?v=4
nlp-compromise,https://avatars1.githubusercontent.com/u/16911692?v=4
NodeBB,https://avatars3.githubusercontent.com/u/4449608?v=4
node-inspector,https://avatars3.githubusercontent.com/u/4449877?v=4
nodejitsu,https://avatars3.githubusercontent.com/u/297492?v=4
nodejs,https://avatars3.githubusercontent.com/u/9950313?v=4
nodemailer,https://avatars1.githubusercontent.com/u/16486629?v=4
NodeRedis,https://avatars2.githubusercontent.com/u/5845577?v=4
nolimits4web,https://avatars2.githubusercontent.com/u/999588?v=4
nosir,https://avatars1.githubusercontent.com/u/352617?v=4
nostra13,https://avatars1.githubusercontent.com/u/1223348?v=4
npm,https://avatars1.githubusercontent.com/u/6078720?v=4
nsqio,https://avatars3.githubusercontent.com/u/8295919?v=4
NUKnightLab,https://avatars2.githubusercontent.com/u/1273909?v=4
numbbbbb,https://avatars0.githubusercontent.com/u/2572987?v=4
nvbn,https://avatars1.githubusercontent.com/u/1114542?v=4
nvie,https://avatars0.githubusercontent.com/u/83844?v=4
nwjs,https://avatars1.githubusercontent.com/u/10180421?v=4
nylas,https://avatars2.githubusercontent.com/u/4219865?v=4
OAI,https://avatars3.githubusercontent.com/u/16343502?v=4
ochococo,https://avatars2.githubusercontent.com/u/3382607?v=4
ocornut,https://avatars2.githubusercontent.com/u/8225057?v=4
octocat,https://avatars3.githubusercontent.com/u/583231?v=4
odoo,https://avatars2.githubusercontent.com/u/6368483?v=4
oneuijs,https://avatars1.githubusercontent.com/u/15865462?v=4
onevcat,https://avatars0.githubusercontent.com/u/1019875?v=4
opencv,https://avatars3.githubusercontent.com/u/5009934?v=4
OpenEmu,https://avatars0.githubusercontent.com/u/528189?v=4
open-guides,https://avatars3.githubusercontent.com/u/17152571?v=4
avatar_url
orhanobut,https://avatars3.githubusercontent.com/u/1089616?v=4
oxford-cs-deepnlp-2017,https://avatars1.githubusercontent.com/u/25229317?v=4
pallets,https://avatars3.githubusercontent.com/u/16748505?v=4
pandas-dev,https://avatars2.githubusercontent.com/u/21206976?v=4
paperjs,https://avatars0.githubusercontent.com/u/846856?v=4
papers-we-love,https://avatars2.githubusercontent.com/u/6187757?v=4
parkjs814,https://avatars2.githubusercontent.com/u/1618732?v=4
parse-community,https://avatars3.githubusercontent.com/u/26932219?v=4
path,https://avatars1.githubusercontent.com/u/177071?v=4
paularmstrong,https://avatars1.githubusercontent.com/u/33297?v=4
peachananr,https://avatars1.githubusercontent.com/u/897308?v=4
PerfectlySoft,https://avatars1.githubusercontent.com/u/14945043?v=4
petehunt,https://avatars0.githubusercontent.com/u/239742?v=4
petkaantonov,https://avatars2.githubusercontent.com/u/829734?v=4
phacility,https://avatars3.githubusercontent.com/u/4840775?v=4
phalcon,https://avatars1.githubusercontent.com/u/1221505?v=4
phanan,https://avatars3.githubusercontent.com/u/8056274?v=4
philc,https://avatars2.githubusercontent.com/u/8598?v=4
philipwalton,https://avatars1.githubusercontent.com/u/326742?v=4
PhilJay,https://avatars1.githubusercontent.com/u/6759734?v=4
phoenixframework,https://avatars2.githubusercontent.com/u/6510388?v=4
photonstorm,https://avatars2.githubusercontent.com/u/164476?v=4
php,https://avatars2.githubusercontent.com/u/25158?v=4
php-fig,https://avatars1.githubusercontent.com/u/468401?v=4
PHPMailer,https://avatars2.githubusercontent.com/u/3959702?v=4
PHPOffice,https://avatars0.githubusercontent.com/u/1836015?v=4
pingcap,https://avatars3.githubusercontent.com/u/11855343?v=4
piwik,https://avatars1.githubusercontent.com/u/698038?v=4
pixijs,https://avatars0.githubusercontent.com/u/5406849?v=4
plataformatec,https://avatars1.githubusercontent.com/u/127679?v=4
playframework,https://avatars0.githubusercontent.com/u/319107?v=4
plotly,https://avatars2.githubusercontent.com/u/5997976?v=4
pockethub,https://avatars2.githubusercontent.com/u/11877067?v=4
Polymer,https://avatars3.githubusercontent.com/u/2159051?v=4
postcss,https://avatars0.githubusercontent.com/u/8296347?v=4
poteto,https://avatars0.githubusercontent.com/u/1390709?v=4
pouchdb,https://avatars2.githubusercontent.com/u/3406112?v=4
powerline,https://avatars2.githubusercontent.com/u/10100576?v=4
PowerShell,https://avatars3.githubusercontent.com/u/11524380?v=4
prakhar1989,https://avatars1.githubusercontent.com/u/649249?v=4
prettier,https://avatars2.githubusercontent.com/u/25822731?v=4
Prinzhorn,https://avatars0.githubusercontent.com/u/679144?v=4
ptmt,https://avatars0.githubusercontent.com/u/1004115?v=4
pugjs,https://avatars1.githubusercontent.com/u/9338635?v=4
puikinsh,https://avatars1.githubusercontent.com/u/3451398?v=4
PureLayout,https://avatars0.githubusercontent.com/u/13840467?v=4
purifycss,https://avatars2.githubusercontent.com/u/12516362?v=4
pyenv,https://avatars2.githubusercontent.com/u/16530698?v=4
python,https://avatars3.githubusercontent.com/u/1525981?v=4
qrohlf,https://avatars1.githubusercontent.com/u/347189?v=4
Quick,https://avatars2.githubusercontent.com/u/8083968?v=4
quilljs,https://avatars3.githubusercontent.com/u/7089101?v=4
racaljk,https://avatars0.githubusercontent.com/u/5010047?v=4
rails,https://avatars1.githubusercontent.com/u/4223?v=4
railsware,https://avatars0.githubusercontent.com/u/9354?v=4
ramda,https://avatars1.githubusercontent.com/u/5298359?v=4
Ramotion,https://avatars3.githubusercontent.com/u/6028820?v=4
rapid7,https://avatars1.githubusercontent.com/u/1013671?v=4
rasbt,https://avatars3.githubusercontent.com/u/5618407?v=4
raywenderlich,https://avatars1.githubusercontent.com/u/4722515?v=4
rbenv,https://avatars1.githubusercontent.com/u/10675212?v=4
react-boilerplate,https://avatars2.githubusercontent.com/u/25323389?v=4
reactide,https://avatars1.githubusercontent.com/u/26257999?v=4
ReactiveCocoa,https://avatars0.githubusercontent.com/u/3422977?v=4
Reactive-Extensions,https://avatars2.githubusercontent.com/u/984368?v=4
ReactiveX,https://avatars1.githubusercontent.com/u/6407041?v=4
reactjs,https://avatars3.githubusercontent.com/u/6412038?v=4
reactnativecn,https://avatars3.githubusercontent.com/u/14324374?v=4
react-toolbox,https://avatars2.githubusercontent.com/u/13482715?v=4
ReactTraining,https://avatars1.githubusercontent.com/u/11823761?v=4
realm,https://avatars0.githubusercontent.com/u/7575099?v=4
reddit,https://avatars1.githubusercontent.com/u/14248?v=4
redox-os,https://avatars3.githubusercontent.com/u/14909902?v=4
redux-saga,https://avatars2.githubusercontent.com/u/24776643?v=4
relax,https://avatars2.githubusercontent.com/u/13644940?v=4
remy,https://avatars0.githubusercontent.com/u/13700?v=4
request,https://avatars1.githubusercontent.com/u/730467?v=4
requests,https://avatars1.githubusercontent.com/u/2805331?v=4
requirejs,https://avatars1.githubusercontent.com/u/1781835?v=4
resque,https://avatars0.githubusercontent.com/u/3876747?v=4
restify,https://avatars0.githubusercontent.com/u/6948699?v=4
resume,https://avatars2.githubusercontent.com/u/602612?v=4
rethinkdb,https://avatars3.githubusercontent.com/u/1229647?v=4
revel,https://avatars3.githubusercontent.com/u/6631594?v=4
rg3,https://avatars0.githubusercontent.com/u/53487?v=4
riot,https://avatars3.githubusercontent.com/u/12729373?v=4
ripienaar,https://avatars0.githubusercontent.com/u/82342?v=4
rkt,https://avatars3.githubusercontent.com/u/5866990?v=4
robbiehanson,https://avatars0.githubusercontent.com/u/304604?v=4
robbyrussell,https://avatars2.githubusercontent.com/u/257?v=4
robertdavidgraham,https://avatars2.githubusercontent.com/u/3814757?v=4
Rochester-NRT,https://avatars2.githubusercontent.com/u/17015390?v=4
RocketChat,https://avatars1.githubusercontent.com/u/12508788?v=4
rollup,https://avatars2.githubusercontent.com/u/12554859?v=4
romaonthego,https://avatars3.githubusercontent.com/u/481100?v=4
roots,https://avatars0.githubusercontent.com/u/4986074?v=4
roughike,https://avatars0.githubusercontent.com/u/13744304?v=4
rs,https://avatars2.githubusercontent.com/u/68232?v=4
rstacruz,https://avatars1.githubusercontent.com/u/74385?v=4
ruanyf,https://avatars0.githubusercontent.com/u/905434?v=4
RubaXa,https://avatars0.githubusercontent.com/u/1109562?v=4
ruby,https://avatars3.githubusercontent.com/u/210414?v=4
ruby-grape,https://avatars1.githubusercontent.com/u/13624553?v=4
rupa,https://avatars3.githubusercontent.com/u/46809?v=4
rust-lang,https://avatars1.githubusercontent.com/u/5430905?v=4
rwaldron,https://avatars3.githubusercontent.com/u/27985?v=4
ryanmcdermott,https://avatars1.githubusercontent.com/u/5114666?v=4
sahat,https://avatars1.githubusercontent.com/u/544954?v=4
saltstack,https://avatars3.githubusercontent.com/u/1147473?v=4
sampotts,https://avatars2.githubusercontent.com/u/719092?v=4
SamyPesse,https://avatars3.githubusercontent.com/u/845425?v=4
sass,https://avatars1.githubusercontent.com/u/317889?v=4
scala,https://avatars2.githubusercontent.com/u/57059?v=4
scikit-learn,https://avatars2.githubusercontent.com/u/365630?v=4
scottjehl,https://avatars0.githubusercontent.com/u/214783?v=4
scrapy,https://avatars0.githubusercontent.com/u/733635?v=4
scrooloose,https://avatars1.githubusercontent.com/u/1671?v=4
sdelements,https://avatars3.githubusercontent.com/u/739346?v=4
sdmg15,https://avatars1.githubusercontent.com/u/13077039?v=4
seajs,https://avatars2.githubusercontent.com/u/539149?v=4
segmentio,https://avatars0.githubusercontent.com/u/819518?v=4
select2,https://avatars3.githubusercontent.com/u/8077542?v=4
selectize,https://avatars0.githubusercontent.com/u/14022691?v=4
SeleniumHQ,https://avatars2.githubusercontent.com/u/983927?v=4
Semantic-Org,https://avatars0.githubusercontent.com/u/5796209?v=4
senchalabs,https://avatars0.githubusercontent.com/u/313839?v=4
serbanghita,https://avatars2.githubusercontent.com/u/1106849?v=4
serverless,https://avatars0.githubusercontent.com/u/13742415?v=4
servo,https://avatars1.githubusercontent.com/u/2566135?v=4
sferik,https://avatars1.githubusercontent.com/u/10308?v=4
shadowsocks,https://avatars1.githubusercontent.com/u/3006190?v=4
shekhargulati,https://avatars3.githubusercontent.com/u/184091?v=4
shichuan,https://avatars3.githubusercontent.com/u/153513?v=4
Shopify,https://avatars1.githubusercontent.com/u/8085?v=4
SignalR,https://avatars1.githubusercontent.com/u/931666?v=4
sinatra,https://avatars0.githubusercontent.com/u/8312?v=4
sindresorhus,https://avatars1.githubusercontent.com/u/170270?v=4
sitaramc,https://avatars1.githubusercontent.com/u/43316?v=4
slackhq,https://avatars2.githubusercontent.com/u/6911160?v=4
slimphp,https://avatars1.githubusercontent.com/u/11195762?v=4
SnapKit,https://avatars1.githubusercontent.com/u/7809696?v=4
socketio,https://avatars3.githubusercontent.com/u/10566080?v=4
so-fancy,https://avatars1.githubusercontent.com/u/17226113?v=4
soimort,https://avatars0.githubusercontent.com/u/342945?v=4
songrotek,https://avatars0.githubusercontent.com/u/3880963?v=4
sorin-ionescu,https://avatars0.githubusercontent.com/u/93816?v=4
sorrycc,https://avatars1.githubusercontent.com/u/35128?v=4
spf13,https://avatars1.githubusercontent.com/u/173412?v=4
spotify,https://avatars2.githubusercontent.com/u/251374?v=4
spree,https://avatars0.githubusercontent.com/u/56702?v=4
spring-projects,https://avatars0.githubusercontent.com/u/317776?v=4
sqlmapproject,https://avatars2.githubusercontent.com/u/735289?v=4
square,https://avatars0.githubusercontent.com/u/82592?v=4
StackExchange,https://avatars0.githubusercontent.com/u/1393171?v=4
standard,https://avatars2.githubusercontent.com/u/29208316?v=4
stedolan,https://avatars3.githubusercontent.com/u/79765?v=4
storybooks,https://avatars3.githubusercontent.com/u/22632046?v=4
strongloop,https://avatars1.githubusercontent.com/u/3020012?v=4
styled-components,https://avatars2.githubusercontent.com/u/20658825?v=4
stylus,https://avatars2.githubusercontent.com/u/10009463?v=4
substack,https://avatars0.githubusercontent.com/u/12631?v=4
svg,https://avatars0.githubusercontent.com/u/2473585?v=4
SVProgressHUD,https://avatars3.githubusercontent.com/u/16267749?v=4
swagger-api,https://avatars3.githubusercontent.com/u/7658037?v=4
SwiftyJSON,https://avatars1.githubusercontent.com/u/8858017?v=4
syl20bnr,https://avatars0.githubusercontent.com/u/1243537?v=4
symfony,https://avatars3.githubusercontent.com/u/143937?v=4
syncthing,https://avatars0.githubusercontent.com/u/7628018?v=4
systemjs,https://avatars1.githubusercontent.com/u/6577368?v=4
t4t5,https://avatars3.githubusercontent.com/u/2598660?v=4
tastejs,https://avatars0.githubusercontent.com/u/1733746?v=4
teamcapybara,https://avatars3.githubusercontent.com/u/23465623?v=4
TeamStuQ,https://avatars3.githubusercontent.com/u/15888474?v=4
Tencent,https://avatars3.githubusercontent.com/u/18461506?v=4
tensorflow,https://avatars1.githubusercontent.com/u/15658638?v=4
terryum,https://avatars3.githubusercontent.com/u/12528769?v=4
tesseract-ocr,https://avatars2.githubusercontent.com/u/8401422?v=4
textmate,https://avatars3.githubusercontent.com/u/91310?v=4
Theano,https://avatars2.githubusercontent.com/u/970517?v=4
thedillonb,https://avatars2.githubusercontent.com/u/1644068?v=4
thejameskyle,https://avatars0.githubusercontent.com/u/952783?v=4
Thibaut,https://avatars2.githubusercontent.com/u/17579?v=4
thomaspark,https://avatars2.githubusercontent.com/u/900407?v=4
thoughtbot,https://avatars3.githubusercontent.com/u/6183?v=4
tiimgreen,https://avatars1.githubusercontent.com/u/4130574?v=4
tj,https://avatars2.githubusercontent.com/u/25254?v=4
tldr-pages,https://avatars1.githubusercontent.com/u/7366472?v=4
tmpvar,https://avatars3.githubusercontent.com/u/46673?v=4
tmux,https://avatars2.githubusercontent.com/u/12054114?v=4
tmuxinator,https://avatars2.githubusercontent.com/u/6574276?v=4
tobiasahlin,https://avatars3.githubusercontent.com/u/211284?v=4
toddmotto,https://avatars0.githubusercontent.com/u/1655968?v=4
tonsky,https://avatars3.githubusercontent.com/u/285292?v=4
tootsuite,https://avatars3.githubusercontent.com/u/24979032?v=4
torch,https://avatars3.githubusercontent.com/u/4978924?v=4
tornadoweb,https://avatars3.githubusercontent.com/u/7468980?v=4
torvalds,https://avatars0.githubusercontent.com/u/1024025?v=4
tpope,https://avatars0.githubusercontent.com/u/378?v=4
Trinea,https://avatars0.githubusercontent.com/u/1169522?v=4
TryGhost,https://avatars3.githubusercontent.com/u/2178663?v=4
TTTAttributedLabel,https://avatars3.githubusercontent.com/u/10050576?v=4
tuupola,https://avatars0.githubusercontent.com/u/21913?v=4
twbs,https://avatars0.githubusercontent.com/u/2918581?v=4
twitter,https://avatars1.githubusercontent.com/u/50278?v=4
ty4z2008,https://avatars0.githubusercontent.com/u/1913756?v=4
typicode,https://avatars2.githubusercontent.com/u/5502029?v=4
ubuwaits,https://avatars3.githubusercontent.com/u/223076?v=4
uikit,https://avatars0.githubusercontent.com/u/4173184?v=4
uNetworking,https://avatars3.githubusercontent.com/u/28876608?v=4
Unitech,https://avatars0.githubusercontent.com/u/757747?v=4
usablica,https://avatars1.githubusercontent.com/u/2010360?v=4
uxsolutions,https://avatars0.githubusercontent.com/u/16959059?v=4
Valloric,https://avatars0.githubusercontent.com/u/919444?v=4
vapor,https://avatars1.githubusercontent.com/u/17364220?v=4
veggiemonk,https://avatars1.githubusercontent.com/u/5487021?v=4
VerbalExpressions,https://avatars0.githubusercontent.com/u/5083777?v=4
verekia,https://avatars0.githubusercontent.com/u/522007?v=4
ViccAlexander,https://avatars0.githubusercontent.com/u/1724674?v=4
videojs,https://avatars2.githubusercontent.com/u/3287189?v=4
vim,https://avatars3.githubusercontent.com/u/11618545?v=4
vim-airline,https://avatars2.githubusercontent.com/u/16690788?v=4
vim-syntastic,https://avatars2.githubusercontent.com/u/23237270?v=4
vinta,https://avatars2.githubusercontent.com/u/652070?v=4
visionmedia,https://avatars1.githubusercontent.com/u/9285252?v=4
vsouza,https://avatars2.githubusercontent.com/u/484656?v=4
vuejs,https://avatars1.githubusercontent.com/u/6128107?v=4
VundleVim,https://avatars1.githubusercontent.com/u/12930284?v=4
vurtun,https://avatars1.githubusercontent.com/u/8057201?v=4
wagerfield,https://avatars3.githubusercontent.com/u/412747?v=4
wasabeef,https://avatars2.githubusercontent.com/u/1833474?v=4
WebAssembly,https://avatars0.githubusercontent.com/u/11578470?v=4
webpack,https://avatars2.githubusercontent.com/u/2105791?v=4
webtorrent,https://avatars0.githubusercontent.com/u/5800008?v=4
wekan,https://avatars2.githubusercontent.com/u/11725037?v=4
wg,https://avatars2.githubusercontent.com/u/94529?v=4
WhisperSystems,https://avatars2.githubusercontent.com/u/702459?v=4
WickyNilliams,https://avatars3.githubusercontent.com/u/1091390?v=4
winstonjs,https://avatars1.githubusercontent.com/u/9682013?v=4
winterbe,https://avatars3.githubusercontent.com/u/485033?v=4
WordPress,https://avatars0.githubusercontent.com/u/276006?v=4
wsargent,https://avatars2.githubusercontent.com/u/71236?v=4
wycats,https://avatars0.githubusercontent.com/u/4?v=4
xdissent,https://avatars2.githubusercontent.com/u/99367?v=4
xgrommx,https://avatars2.githubusercontent.com/u/1499594?v=4
xing,https://avatars2.githubusercontent.com/u/27901?v=4
xitu,https://avatars2.githubusercontent.com/u/10482599?v=4
XX-net,https://avatars2.githubusercontent.com/u/10395542?v=4
yabwe,https://avatars1.githubusercontent.com/u/12655868?v=4
yahoo,https://avatars1.githubusercontent.com/u/16574?v=4
yarnpkg,https://avatars3.githubusercontent.com/u/22247014?v=4
yaronn,https://avatars2.githubusercontent.com/u/1359037?v=4
yeoman,https://avatars0.githubusercontent.com/u/1714870?v=4
yiisoft,https://avatars3.githubusercontent.com/u/993323?v=4
you-dont-need,https://avatars1.githubusercontent.com/u/21141794?v=4
yudai,https://avatars0.githubusercontent.com/u/33192?v=4
zeit,https://avatars0.githubusercontent.com/u/14985020?v=4
zenorocha,https://avatars1.githubusercontent.com/u/398893?v=4
ziadoz,https://avatars0.githubusercontent.com/u/645637?v=4
zurb,https://avatars2.githubusercontent.com/u/156122?v=4
ZuzooVn,https://avatars3.githubusercontent.com/u/1429230?v=4
zxing,https://avatars1.githubusercontent.com/u/1122572?v=4
